placeName,Date:Count_ChildDeliveryEvent_InPublicInstitution,Value:Count_ChildDeliveryEvent_InPublicInstitution,Value:Count_ChildDeliveryEvent_InAnInstitution,Value:Count_PregnancyEvent,Value:Count_ChildDeliveryEvent_AtHome,Value:Count_ChildDeliveryEvent_AtHome_WithStandbyAssist,Value:Count_ChildDeliveryEvent,Value:Count_PregnantWomen_RegisteredForAntenatalCare,Value:Count_DeliveryEvent_Safe_AsFractionOf_Count_DeliveryEvent,Value:Count_PregnantWomen_RegisteredForAntenatalCareWithinFirstTrimester
Andaman and Nicobar Islands,2009-03,4629,4629,8000,297,15,4926,7199,94.3,5119
Andaman and Nicobar Islands,2010-03,4472,4472,9000,539,182,5011,5715,92.9,2271
Andaman and Nicobar Islands,2011-03,4423,4423,9000,322,156,4745,5992,96.5,3526
Andaman and Nicobar Islands,2012-03,4870,4870,7000,363,162,5233,5933,96.2,4093
Andaman and Nicobar Islands,2013-03,4856,4856,7000,276,126,5132,6188,97.1,4405
Andaman and Nicobar Islands,2014-03,4411,4411,7000,201,103,4612,6491,97.9,5024
Andaman and Nicobar Islands,2015-03,4649,4649,7000,180,79,4829,5939,97.9,4623
Andaman and Nicobar Islands,2016-03,3051,3051,7000,116,46,3167,4240,97.8,3261
Andaman and Nicobar Islands,2017-03,3925,3925,7000,102,45,4027,5672,98.6,4355
Andaman and Nicobar Islands,2018-03,3861,3861,6000,88,42,3949,5210,98.8,3913
Andaman and Nicobar Islands,2019-03,3754,3754,5400,86,30,3840,4972,98.5,3681
Andaman and Nicobar Islands,2020-03,3537,3537,5500,65,9,3602,4784,98.4,3455
Andhra Pradesh,2009-03,678682,1229315,1704000,140881,71894,1370196,1799548,95,1002098
Andhra Pradesh,2010-03,663713,1413202,1693000,117821,75171,1531023,1808357,97.2,1201495
Andhra Pradesh,2011-03,557115,1437365,1708000,85296,59403,1522661,1762254,98.3,1197455
Andhra Pradesh,2012-03,560593,1469302,1636000,76445,52447,1545747,1780005,98.4,1212974
Andhra Pradesh,2013-03,506008,1070030,1650000,78516,50441,1148546,1885356,97.6,1215860
Andhra Pradesh,2014-03,534048,908508,1654000,55226,33036,963734,1772790,97.7,1143421
Andhra Pradesh,2015-03,255105,463546,974000,25488,14947,489034,1070551,97.8,689103
Andhra Pradesh,2016-03,244539,577957,960000,10904,6085,588861,666898,99.2,491856
Andhra Pradesh,2017-03,321047,726969,968000,10772,5431,737741,834340,99.3,647624
Andhra Pradesh,2018-03,333338,737140,967000,8634,4334,745774,830965,99.4,653802
Andhra Pradesh,2019-03,322027,742638,913530,4605,2884,747243,858326,99.8,697451
Andhra Pradesh,2020-03,304544,732248,919900,2397,1552,734645,803046,99.9,654059
Arunachal Pradesh,2009-03,9736,9736,30000,823,606,10559,21569,97.9,5663
Arunachal Pradesh,2010-03,9422,9422,30000,418,283,9840,22414,98.6,5439
Arunachal Pradesh,2011-03,10617,10617,30000,651,529,11268,24151,98.9,8582
Arunachal Pradesh,2012-03,11028,11028,31000,572,405,11600,25501,98.6,8436
Arunachal Pradesh,2013-03,12203,14348,30000,751,563,15099,30809,98.8,11273
Arunachal Pradesh,2014-03,12968,14577,30000,695,492,15272,34633,98.7,14539
Arunachal Pradesh,2015-03,13283,15510,31000,1053,542,16563,35542,96.9,13742
Arunachal Pradesh,2016-03,10252,11840,31000,998,534,12838,23420,96.4,8522
Arunachal Pradesh,2017-03,13761,15643,31000,1200,458,16843,29975,95.6,11201
Arunachal Pradesh,2018-03,14760,17010,31000,1842,809,18852,32373,94.5,11243
Arunachal Pradesh,2019-03,14438,16984,30010,1888,788,18872,32159,94.2,12499
Arunachal Pradesh,2020-03,16066,18718,30300,2114,758,20832,30162,93.5,11083
Assam,2009-03,348564,360399,793000,146745,35421,507144,736696,78,256621
Assam,2010-03,374527,397110,790000,114572,25477,511682,734711,82.6,278232
Assam,2011-03,391151,415896,800000,119856,15095,535752,772510,80.4,357440
Assam,2012-03,418170,459053,788000,114727,10464,573780,801575,81.8,415696
Assam,2013-03,448507,497898,787000,100088,8701,597986,802343,84.7,491187
Assam,2014-03,460095,515479,792000,98385,13300,613864,789120,86.1,566386
Assam,2015-03,461329,529279,802000,95897,20401,625176,751185,87.9,580194
Assam,2016-03,332912,397459,812000,66529,14875,463988,555865,88.9,443304
Assam,2017-03,453717,539437,822000,83821,22905,623258,725046,90.2,603268
Assam,2018-03,442564,527006,816000,74945,18755,601951,689620,90.7,584521
Assam,2019-03,446108,532966,797450,60007,17316,592973,701133,92.8,601868
Assam,2020-03,463880,554567,805700,53589,16737,608156,685229,93.9,603179
Bihar,2009-03,535688,535688,3056000,230464,139283,766152,1179314,88.1,464798
Bihar,2010-03,955785,968191,3047000,165800,105347,1133991,1816778,94.7,810572
Bihar,2011-03,1232668,1240587,3090000,208491,92267,1449078,2270420,92,1194248
Bihar,2012-03,1410066,1421077,3193000,389248,135790,1810325,2517011,86,1318555
Bihar,2013-03,1426061,1430827,3234000,452527,107448,1883354,2435830,81.7,1079966
Bihar,2014-03,1585670,1586857,3264000,432977,87627,2019834,2641611,82.9,1166730
Bihar,2015-03,1494110,1494246,3303000,462756,90006,1957002,2634925,81,1355155
Bihar,2016-03,1177970,1249752,3139000,348025,68826,1597777,2058459,82.5,1096660
Bihar,2017-03,1548891,1613102,3175000,474811,93747,2087913,2935167,81.7,1814885
Bihar,2018-03,1637400,1690902,3259000,433717,78975,2124619,3187592,83.3,1968220
Bihar,2019-03,1612421,1696852,3209480,391138,71437,2087990,3271782,84.7,2188568
Bihar,2020-03,1653275,1871740,3242100,335870,64167,2207610,3394623,87.7,2346394
Chandigarh,2009-03,18563,18563,22000,3672,3672,22235,33109,100,9978
Chandigarh,2010-03,19295,19295,24000,2957,356,22252,42165,88.3,10886
Chandigarh,2011-03,20032,20032,25000,2477,70,22509,34998,89.3,11050
Chandigarh,2012-03,21745,21745,18000,1830,41,23575,33601,92.4,11531
Chandigarh,2013-03,23124,23124,19000,1375,36,24499,34304,94.5,12367
Chandigarh,2014-03,25282,25282,19000,871,30,26153,37727,96.8,17706
Chandigarh,2015-03,26209,26209,20000,385,35,26594,37395,98.7,18558
Chandigarh,2016-03,21150,21150,20000,173,2,21323,42733,99.2,15295
Chandigarh,2017-03,29107,29107,21000,109,0,29216,60667,99.6,24811
Chandigarh,2018-03,29208,29208,21000,101,1,29309,41894,99.7,27794
Chandigarh,2019-03,28958,28958,22710,63,2,29021,42358,99.8,34127
Chandigarh,2020-03,28106,28106,23700,37,3,28143,35734,99.9,26155
Chhattisgarh,2009-03,176870,181920,684000,387068,163597,568988,658429,60.7,274705
Chhattisgarh,2010-03,227034,262209,683000,337089,144185,599298,650755,67.8,280852
Chhattisgarh,2011-03,279581,336346,693000,278032,125260,614378,651442,75.1,343288
Chhattisgarh,2012-03,252185,318903,704000,234296,109456,553199,696687,77.4,298668
Chhattisgarh,2013-03,239713,299277,702000,184549,65611,483826,650853,75.4,294418
Chhattisgarh,2014-03,258365,336656,708000,159872,43909,496528,692461,76.6,352140
Chhattisgarh,2015-03,291435,373547,717000,129909,33517,503456,674811,80.9,404818
Chhattisgarh,2016-03,236798,301309,697000,66847,24609,368156,492198,88.5,365829
Chhattisgarh,2017-03,324785,432396,706000,36725,17364,469121,621076,95.9,540336
Chhattisgarh,2018-03,369853,479948,708000,18009,10614,497957,634235,98.5,567546
Chhattisgarh,2019-03,360446,475442,693500,15261,7301,490703,632015,98.4,557620
Chhattisgarh,2020-03,364192,477003,701100,8289,3396,485292,646957,99,582836
Daman and Diu,2013-03,1168,2617,6000,364,336,3801,5784,95,2691
Daman and Diu,2014-03,1739,3219,6000,256,166,3859,8196,98,3883
Daman and Diu,2015-03,1946,3566,6000,235,44,3748,8348,98.4,3950
Daman and Diu,2016-03,2096,3782,6000,77,1,2895,6112,99.3,2957
Daman and Diu,2017-03,2010,3689,6000,59,0,3519,6157,99.5,3760
Daman and Diu,2018-03,1801,2873,6000,22,1,3604,7888,99.9,6373
Daman and Diu,2019-03,2751,3497,6000,22,3,3857,6555,99.9,6274
Daman and Diu,2020-03,2947,3600,6000,4,0,4048,6527,100,5474
Delhi,2009-03,115513,130856,343000,17000,7063,147856,574706,93.3,122539
Delhi,2010-03,128497,145688,359000,11556,2924,157244,779388,94.5,188266
Delhi,2011-03,142700,168217,369000,8358,1240,176575,768916,96,193234
Delhi,2012-03,173148,204175,328000,10291,1439,214466,822846,95.9,218195
Delhi,2013-03,190856,223459,333000,13807,1923,237266,852363,95,259033
Delhi,2014-03,194313,230929,341000,13910,2204,244839,890664,95.2,276523
Delhi,2015-03,205471,247999,351000,16642,2665,264641,874226,94.7,303725
Delhi,2016-03,158368,191342,353000,12821,1405,204163,688171,94.4,225081
Delhi,2017-03,211930,255017,330000,16497,1234,271514,993842,94.4,325393
Delhi,2018-03,220321,260117,365000,11874,351,271991,982022,95.8,325818
Delhi,2019-03,220550,271485,373980,12232,204,283717,931041,95.8,335500
Delhi,2020-03,222723,275161,384600,11120,74,286281,721322,96.1,327469
Goa,2009-03,16314,23552,26000,138,46,23690,46801,99.6,11184
Goa,2010-03,11186,19450,25000,90,19,19540,30130,99.6,17726
Goa,2011-03,10250,20107,26000,101,19,20208,30985,99.6,16595
Goa,2012-03,11454,21477,22000,71,8,21548,29853,99.7,13995
Goa,2013-03,11227,17873,22000,24,2,17897,28082,99.9,13641
Goa,2014-03,11360,16049,22000,15,2,16064,25582,99.9,13444
Goa,2015-03,11554,18129,23000,21,3,18150,25995,99.9,14713
Goa,2016-03,8816,14681,23000,7,0,14688,19052,100,11479
Goa,2017-03,11103,17509,24000,11,1,17520,24091,99.9,14143
Goa,2018-03,11164,18878,23000,12,1,18890,24503,99.9,13558
Goa,2019-03,10563,17921,23520,34,6,17955,26896,99.8,15369
Goa,2020-03,10702,18419,24100,15,5,18434,27969,99.9,16100
Gujarat,2009-03,262620,872557,1445000,175088,73131,1047645,1329382,90.3,784199
Gujarat,2010-03,288549,933448,1440000,113303,37088,1046751,1425228,92.7,854151
Gujarat,2011-03,320210,1093508,1460000,97387,28857,1190895,1380710,94.2,912458
Gujarat,2012-03,316017,1126700,1426000,76314,21293,1203014,1383654,95.4,979551
Gujarat,2013-03,434523,1118998,1430000,57869,18461,1176867,1416520,96.7,1032132
Gujarat,2014-03,453878,1105564,1428000,42544,17792,1148108,1455500,97.8,1068703
Gujarat,2015-03,465861,1133169,1445000,28056,12451,1161225,1405807,98.7,1042555
Gujarat,2016-03,363675,904754,1451000,14493,6263,919247,1031888,99.1,772302
Gujarat,2017-03,442841,1175381,1543000,12660,5301,1188041,1381764,99.4,1047162
Gujarat,2018-03,440650,1205441,1470000,9999,3353,1215440,1420598,99.5,1113713
Gujarat,2019-03,422055,1132387,1422390,6721,3877,1139108,1349576,99.8,1129103
Gujarat,2020-03,439315,1145868,1436800,5569,3925,1151437,1296148,99.9,1092037
Haryana,2009-03,171697,282282,629000,201598,96094,483880,594281,78.2,244123
Haryana,2010-03,196954,350953,629000,152665,68972,503618,654276,83.4,291148
Haryana,2011-03,224033,400076,639000,98008,44955,498084,608720,89.3,285429
Haryana,2012-03,242612,432326,613000,85927,33270,518253,601074,89.8,306650
Haryana,2013-03,240358,389454,617000,76465,27056,465919,583204,89.4,293417
Haryana,2014-03,259835,427578,618000,71207,8868,498785,565858,87.5,283180
Haryana,2015-03,276614,459284,628000,58958,4889,518242,582804,89.6,336166
Haryana,2016-03,218133,347182,635000,35618,3813,382800,432483,91.7,261461
Haryana,2017-03,289862,462312,634000,37385,4870,499697,570462,93.5,386344
Haryana,2018-03,292543,487937,644000,30410,3770,518347,567940,94.9,405804
Haryana,2019-03,286922,475065,635940,25756,2245,500821,591130,95.3,418428
Haryana,2020-03,288509,493203,644300,21098,1026,514301,572676,96.1,432948
Himachal Pradesh,2009-03,58626,59280,127000,52154,3570,111434,153712,56.4,14075
Himachal Pradesh,2010-03,45584,55483,131000,49487,8940,104970,157805,61.4,65160
Himachal Pradesh,2011-03,52956,65372,132000,37655,5250,103027,156424,68.5,65068
Himachal Pradesh,2012-03,57858,71581,125000,28758,3083,100339,139468,74.4,63385
Himachal Pradesh,2013-03,60869,75117,124000,24382,2409,99499,127827,77.9,62302
Himachal Pradesh,2014-03,65216,77561,123000,20976,2243,98537,128995,81,84315
Himachal Pradesh,2015-03,64807,78439,124000,16933,2347,95372,125286,84.7,98504
Himachal Pradesh,2016-03,49543,59622,129000,11189,1652,70811,93713,86.5,75776
Himachal Pradesh,2017-03,65809,77674,135000,11886,1755,89560,121493,88.7,101397
Himachal Pradesh,2018-03,66271,78570,130000,9019,1456,87589,118864,91.4,101196
Himachal Pradesh,2019-03,67491,79009,126900,8383,1130,87392,112583,91.7,98263
Himachal Pradesh,2020-03,68047,82043,127800,6658,1317,88701,110701,94,96865
Jammu and Kashmir,2009-03,151263,151668,238000,56609,31774,208277,376303,88.1,118190
Jammu and Kashmir,2010-03,135413,137135,238000,51053,26906,188188,399543,87.2,196999
Jammu and Kashmir,2011-03,138566,141278,241000,43257,16674,184535,449864,85.6,175846
Jammu and Kashmir,2012-03,137741,140409,248000,25851,8164,166260,462362,89.4,233463
Jammu and Kashmir,2013-03,156689,164054,248000,22572,4863,186626,353001,90.5,187315
Jammu and Kashmir,2014-03,165985,177639,249000,19872,2898,197511,438916,91.4,244981
Jammu and Kashmir,2015-03,167471,179197,252000,17882,2154,197079,388996,92,211520
Jammu and Kashmir,2016-03,116887,126589,244000,14253,1463,140842,253492,90.9,135647
Jammu and Kashmir,2017-03,172166,185440,243000,15063,1217,200503,387785,93.1,227614
Jammu and Kashmir,2018-03,166793,181243,241000,11947,985,193190,399307,94.3,258865
Jammu and Kashmir,2019-03,172065,188988,232160,10396,694,199384,395092,95.1,266690
Jammu and Kashmir,2020-03,166858,182865,234200,10503,730,193368,358624,94.9,240775
Jharkhand,2009-03,189700,190401,873000,312731,130739,503132,665252,63.8,168920
Jharkhand,2010-03,222601,281018,876000,281048,115125,562066,655311,70.5,171155
Jharkhand,2011-03,289268,345136,888000,242198,67969,587334,762847,70.3,201620
Jharkhand,2012-03,310921,371807,913000,212417,43979,584224,734914,71.2,157942
Jharkhand,2013-03,326525,435668,914000,176135,36359,611803,724839,77.2,166895
Jharkhand,2014-03,397637,504646,923000,141092,31807,645738,801120,83.1,225610
Jharkhand,2015-03,384520,500177,936000,136567,31462,636744,782667,83.5,263626
Jharkhand,2016-03,288065,404958,919000,100088,23620,505046,602952,84.9,216414
Jharkhand,2017-03,468764,662357,921000,69676,19172,732033,922729,93.1,398760
Jharkhand,2018-03,536542,726106,930000,35125,12700,761231,959918,97.1,495766
Jharkhand,2019-03,512774,703963,902270,34020,12077,737983,940941,97,550682
Jharkhand,2020-03,520283,703850,912600,29522,11905,733372,953011,97.6,634431
Karnataka,2009-03,719201,720477,1268000,247242,169018,967719,1148075,91.9,639012
Karnataka,2010-03,687262,837453,1275000,79911,49038,917364,1292237,96.6,763325
Karnataka,2011-03,651902,720358,1289000,48430,33306,768788,1606448,98,944747
Karnataka,2012-03,590295,788977,1269000,23538,14719,812515,1590922,98.9,990377
Karnataka,2013-03,617399,837707,1262000,16367,8537,854074,1484711,99.1,934377
Karnataka,2014-03,610616,853689,1261000,12322,6046,866011,1220627,99.3,844732
Karnataka,2015-03,598292,884610,1273000,8202,3774,892812,1196698,99.5,871411
Karnataka,2016-03,429852,681451,1272000,4769,1828,686220,922513,99.6,655835
Karnataka,2017-03,562164,909223,1311000,3767,1430,912990,1127674,99.7,857847
Karnataka,2018-03,569927,910819,1280000,2346,1032,913165,1097374,99.9,867878
Karnataka,2019-03,564549,910527,1203120,1268,483,911795,1140111,99.9,928338
Karnataka,2020-03,550949,900003,1212400,930,381,900933,1151533,99.9,907946
Kerala,2009-03,181558,181558,549000,1624,269,183182,591901,99.3,340034
Kerala,2010-03,150267,489828,550000,1419,154,491247,624899,99.7,407253
Kerala,2011-03,135713,482979,553000,1163,135,484142,546531,99.8,398297
Kerala,2012-03,137963,486306,561000,946,131,487252,529067,99.8,390049
Kerala,2013-03,136607,492500,553000,1029,108,493529,515226,99.8,396933
Kerala,2014-03,150679,495516,549000,990,58,496506,518811,99.8,412737
Kerala,2015-03,151853,489401,552000,836,56,490237,495716,99.8,401622
Kerala,2016-03,111080,364887,560000,540,57,365427,358744,99.9,289232
Kerala,2017-03,122185,446123,574000,597,58,446720,488095,99.9,403137
Kerala,2018-03,138510,452127,567000,795,156,452922,565673,99.9,470740
Kerala,2019-03,143847,483836,544110,720,166,484556,504654,99.9,435004
Kerala,2020-03,146174,460383,546700,467,114,460850,527626,99.9,437967
Lakshadweep,2009-03,155,155,1000,13,5,155,259,100,30
Lakshadweep,2010-03,591,591,1000,58,27,649,1017,95.2,575
Lakshadweep,2011-03,174,174,1000,63,28,237,1091,85.2,599
Lakshadweep,2012-03,553,553,1000,35,5,588,1136,94.9,755
Lakshadweep,2013-03,626,626,1000,0,0,626,1182,100,886
Lakshadweep,2014-03,667,667,1000,0,0,667,1162,100,860
Lakshadweep,2015-03,688,688,1000,0,0,688,1206,100,903
Lakshadweep,2016-03,638,638,1000,1,1,639,900,100,657
Lakshadweep,2017-03,804,804,1000,0,0,804,1178,100,969
Lakshadweep,2018-03,845,845,1000,0,0,845,1292,100,1030
Lakshadweep,2019-03,845,845,1140,0,0,845,1266,100,1102
Lakshadweep,2020-03,869,869,1100,1,1,870,1274,100,1068
Madhya Pradesh,2009-03,1255679,1408675,2177000,350789,113850,1759464,2109976,86.5,917299
Madhya Pradesh,2010-03,1154823,1291755,2174000,316005,109179,1607760,1993145,87.1,958629
Madhya Pradesh,2011-03,1215859,1345858,2209000,258559,78315,1604417,2036019,88.8,996058
Madhya Pradesh,2012-03,1157412,1283906,2166000,206938,49743,1490844,1944683,89.5,960572
Madhya Pradesh,2013-03,1063664,1164962,2175000,202039,53866,1367001,1788353,89.2,931286
Madhya Pradesh,2014-03,1096338,1171782,2184000,186272,53715,1358054,1885518,90.2,1009274
Madhya Pradesh,2015-03,1105102,1211816,2217000,157659,44754,1369475,1900801,91.8,1166827
Madhya Pradesh,2016-03,868572,972194,2201000,108534,21466,1080728,1393916,91.9,885823
Madhya Pradesh,2017-03,1101543,1248817,2215000,121432,16539,1370249,1841458,92.3,1181285
Madhya Pradesh,2018-03,1112204,1251619,2246000,98978,11926,1350597,1832836,93.6,1150609
Madhya Pradesh,2019-03,1172770,1307119,2145450,68512,7115,1375631,1875916,95.5,1231587
Madhya Pradesh,2020-03,1207305,1352232,2173300,60526,7012,1412758,1919655,96.2,1335313
Maharashtra,2009-03,468015,1460056,2168000,296987,157097,1757043,2185856,92,1247223
Maharashtra,2010-03,744868,1285391,2176000,209505,138819,1494896,2117762,95.3,1104387
Maharashtra,2011-03,796263,1674779,2207000,158795,64048,1833574,2174182,94.8,1293711
Maharashtra,2012-03,800408,1711562,2078000,102079,63971,1813641,2233493,97.9,1310129
Maharashtra,2013-03,877222,1767861,2093000,67276,39530,1835137,2159123,98.5,1292304
Maharashtra,2014-03,908341,1704355,2108000,62338,46758,1766693,2223634,99.1,1338318
Maharashtra,2015-03,932795,1728670,2135000,29859,19586,1758529,2119476,99.4,1347457
Maharashtra,2016-03,765309,1273315,2164000,16973,10922,1290288,1615603,99.5,1081725
Maharashtra,2017-03,940173,1667346,2219000,15282,9334,1682628,2185798,99.6,1502299
Maharashtra,2018-03,953344,1742226,2188000,16266,5739,1758492,2180670,99.4,1559211
Maharashtra,2019-03,890351,1713864,2114480,12680,5050,1726544,2100266,99.6,1635676
Maharashtra,2020-03,876508,1787203,2138200,11225,4145,1798428,2051346,99.6,1758392
Manipur,2009-03,17302,17325,39000,7451,4257,24776,100525,87.1,26091
Manipur,2010-03,18498,24206,42000,7535,4471,31741,111670,90.3,41307
Manipur,2011-03,18845,25554,43000,8276,4985,33830,98692,90.3,47210
Manipur,2012-03,20308,27735,41000,7987,4760,35722,92233,91,49524
Manipur,2013-03,20096,27922,42000,8752,5136,36674,78523,90.1,45077
Manipur,2014-03,25140,31970,47000,9352,5069,41322,87594,89.6,45928
Manipur,2015-03,26405,32521,48000,8175,4397,40696,79090,90.7,46716
Manipur,2016-03,19719,24019,48000,5743,3508,29762,53835,92.5,33707
Manipur,2017-03,26964,33491,50000,7350,4590,40841,60132,93.2,36503
Manipur,2018-03,25842,31573,48000,6980,4585,38553,55807,93.8,34122
Manipur,2019-03,25343,31293,54930,6735,4266,38028,57301,93.5,34390
Manipur,2020-03,25935,33251,55500,6122,3500,39373,55346,93.3,32468
Meghalaya,2009-03,16883,18195,68000,32607,3811,50802,78489,43.3,16911
Meghalaya,2010-03,21672,29185,72000,37102,4053,66287,102540,50.1,27570
Meghalaya,2011-03,24042,31564,73000,38919,3574,70483,110804,49.9,29947
Meghalaya,2012-03,28994,38449,79000,39652,4143,78101,119912,54.5,31316
Meghalaya,2013-03,31458,41266,80000,39435,3691,80701,123528,55.7,32646
Meghalaya,2014-03,32786,43545,80000,40563,3399,84108,132397,55.8,44097
Meghalaya,2015-03,34399,44369,81000,41951,3650,86320,129575,55.6,41777
Meghalaya,2016-03,27049,33997,83000,29556,1861,63553,99192,56.4,31827
Meghalaya,2017-03,38346,47492,84000,39147,1947,86639,133880,57.1,45180
Meghalaya,2018-03,37534,47423,84000,36987,1486,84410,131034,57.9,45048
Meghalaya,2019-03,37522,48755,77430,35617,1290,84372,141030,59.3,43766
Meghalaya,2020-03,41284,54008,78200,36483,1364,90491,138997,61.2,48374
Mizoram,2009-03,13832,13842,20000,4374,2283,18216,24827,88.5,10117
Mizoram,2010-03,14675,17802,20000,5049,2620,22851,32096,89.4,13614
Mizoram,2011-03,15420,18151,20000,4151,1825,22302,29126,89.6,13310
Mizoram,2012-03,14340,15154,20000,3576,1571,18730,24313,89.3,13584
Mizoram,2013-03,14923,18176,20000,2845,1039,21021,25149,91.4,15134
Mizoram,2014-03,15245,18797,20000,2240,751,21037,24464,92.9,16838
Mizoram,2015-03,16022,19869,20000,2119,583,21988,23481,93,16968
Mizoram,2016-03,10810,13417,21000,1584,384,15001,17112,92,12552
Mizoram,2017-03,13958,17379,21000,2024,451,19403,21986,91.9,16880
Mizoram,2018-03,13862,17403,21000,2169,471,19572,21582,91.3,16265
Mizoram,2019-03,13762,17193,18950,2247,566,19440,22750,91.4,16865
Mizoram,2020-03,14753,18492,19100,2236,436,20728,23614,91.3,17764
Nagaland,2009-03,5305,5305,42000,3069,2172,8374,21721,89.3,4274
Nagaland,2010-03,10820,10820,43000,4696,3883,15516,33754,94.8,7741
Nagaland,2011-03,11453,11453,43000,5689,4195,17142,34544,91.3,9177
Nagaland,2012-03,12653,13178,35000,5924,4725,19102,38962,93.7,13263
Nagaland,2013-03,13379,15209,34000,5630,4567,20839,49724,94.9,20183
Nagaland,2014-03,13829,15601,34000,5656,4634,21257,47196,95.2,17681
Nagaland,2015-03,14420,17232,35000,5117,4056,22349,44588,95.3,20865
Nagaland,2016-03,10792,13720,35000,3639,2667,17359,37635,94.4,13736
Nagaland,2017-03,12820,16429,35000,4157,2317,20586,47172,91.1,14513
Nagaland,2018-03,12551,16180,35000,3763,1973,19943,37217,91,11064
Nagaland,2019-03,12366,16173,30950,3537,2070,19710,37553,92.6,10514
Nagaland,2020-03,13158,17112,31200,3662,2005,20774,39462,92,10777
Odisha,2009-03,416154,419717,943000,180222,49785,599939,761966,78.3,212693
Odisha,2010-03,499332,502672,947000,153464,45257,656136,860274,83.5,293702
Odisha,2011-03,521558,549012,956000,119220,27632,668232,854464,86.3,306355
Odisha,2012-03,601462,624105,932000,111543,16546,735648,880334,87.1,354836
Odisha,2013-03,566420,603427,931000,87323,9457,690750,770978,88.7,333864
Odisha,2014-03,569801,629911,924000,83514,8555,713425,825046,89.5,455735
Odisha,2015-03,560788,627484,932000,81042,9710,708526,816619,89.9,559202
Odisha,2016-03,404299,458764,931000,51076,9092,509840,614820,91.8,461280
Odisha,2017-03,509666,573276,938000,47307,12301,620583,748325,94.4,608611
Odisha,2018-03,528376,584060,935000,33346,10161,617406,739001,96.2,618078
Odisha,2019-03,530094,630765,917870,25055,8258,655820,738453,97.4,632652
Odisha,2020-03,510738,623920,924500,17404,7834,641324,721502,98.5,629218
Punjab,2009-03,96542,230436,521000,159335,86359,389771,473323,81.3,224100
Punjab,2010-03,101804,249610,518000,138119,64095,387729,508435,80.9,298154
Punjab,2011-03,115865,273238,525000,125513,49505,398751,511866,80.9,305461
Punjab,2012-03,157231,325642,497000,93959,30869,419601,488816,85,309272
Punjab,2013-03,167712,349411,493000,73707,23594,423118,489106,88.2,334694
Punjab,2014-03,186143,363179,492000,56811,17077,419990,482522,90.5,335617
Punjab,2015-03,201797,371622,497000,41070,16544,412692,476431,94.1,339035
Punjab,2016-03,147927,277406,496000,24228,12432,301634,356297,96.1,256126
Punjab,2017-03,199732,363803,501000,18642,8993,382445,470504,97.5,350643
Punjab,2018-03,193328,362658,495000,12121,5602,374779,464094,98.3,348865
Punjab,2019-03,187024,364177,486900,8705,3834,372882,456150,98.7,354243
Punjab,2020-03,186942,373687,490800,5463,2285,379150,438357,99.2,350172
Rajasthan,2009-03,890611,1134879,2001000,365001,131485,1499880,2002738,84.4,1056808
Rajasthan,2010-03,940492,1202764,2006000,191785,106266,1394549,2012114,93.9,1012571
Rajasthan,2011-03,942409,1213054,2039000,158065,71127,1371119,1871172,93.7,856515
Rajasthan,2012-03,936530,1275263,1991000,131837,51463,1407100,1852251,94.3,863131
Rajasthan,2013-03,977333,1338323,1999000,111253,45149,1449576,1911370,95.4,948364
Rajasthan,2014-03,1038566,1375538,2005000,90045,49778,1465583,1940234,97.3,1058433
Rajasthan,2015-03,1015727,1350286,2034000,72442,42708,1422728,1921950,97.9,1124274
Rajasthan,2016-03,788852,1023598,2016000,41232,23919,1064830,1400255,98.4,852598
Rajasthan,2017-03,1052716,1369863,2044000,44170,19288,1414033,1913657,98.2,1163725
Rajasthan,2018-03,1061907,1369023,2054000,41484,12471,1410507,1884090,97.9,1182552
Rajasthan,2019-03,1035980,1351299,2006660,32973,10867,1384272,1825723,98.4,1203106
Rajasthan,2020-03,1028018,1352917,2031500,23888,8500,1376805,1736201,98.9,1215896
Sikkim,2009-03,2430,2430,12000,2588,1407,5018,13395,76.5,6196
Sikkim,2010-03,3813,3813,12000,1972,652,5785,15212,77.2,5412
Sikkim,2011-03,5410,6648,12000,1483,485,8131,9925,87.7,5923
Sikkim,2012-03,6775,6775,12000,1267,287,8042,10075,87.8,6142
Sikkim,2013-03,6593,6593,12000,847,180,7440,9288,91,5891
Sikkim,2014-03,6527,7430,12000,548,245,7978,9443,96.2,6796
Sikkim,2015-03,6203,7844,12000,164,55,8008,9375,98.6,7295
Sikkim,2016-03,4616,5828,12000,99,38,5927,6605,99,5248
Sikkim,2017-03,5336,6994,12000,116,46,7110,8457,99,6736
Sikkim,2018-03,5337,7230,12000,93,39,7323,8925,99.3,6870
Sikkim,2019-03,4636,7042,11590,65,29,7107,9420,99.5,7147
Sikkim,2020-03,5222,7065,11700,46,25,7111,9343,99.7,7184
Tamil Nadu,2009-03,719531,1102110,1154000,7143,3769,1109253,1238461,99.7,936749
Tamil Nadu,2010-03,808737,1099974,1176000,5404,3834,1105378,1220391,99.9,933795
Tamil Nadu,2011-03,784163,1079957,1184000,2008,916,1081965,1212758,99.9,956002
Tamil Nadu,2012-03,714248,1063704,1266000,3626,2917,1067330,1149706,99.9,928439
Tamil Nadu,2013-03,689515,1049039,1257000,1693,655,1050732,1159164,99.9,995382
Tamil Nadu,2014-03,698167,1016597,1256000,899,213,1017496,1135923,99.9,1022716
Tamil Nadu,2015-03,662102,975492,1264000,719,162,976211,1087207,99.9,1008097
Tamil Nadu,2016-03,424896,709686,1255000,200,78,709886,772617,100,728141
Tamil Nadu,2017-03,512158,901887,1262000,296,109,902183,1027000,100,976860
Tamil Nadu,2018-03,515305,903260,1251000,92,28,903352,1022933,100,962639
Tamil Nadu,2019-03,512604,939442,1205640,105,56,939547,1054940,100,981236
Tamil Nadu,2020-03,511806,942663,1210500,206,71,942869,1043510,100,971553
Telangana,2015-03,240548,384287,694000,12231,6483,396518,829983,98.6,508425
Telangana,2016-03,161400,417586,724000,6178,2839,423764,665554,99.2,365373
Telangana,2017-03,291060,587572,730000,5979,2992,593551,1381510,99.5,800973
Telangana,2018-03,321301,593403,724000,2827,1640,596230,1179409,99.8,557492
Telangana,2019-03,326350,609362,689930,829,585,610191,758446,100,487639
Telangana,2020-03,295575,620665,694700,588,314,621253,759098,100,541937
Tripura,2009-03,30621,31928,66000,11257,1234,43185,62204,76.8,28471
Tripura,2010-03,36605,36707,61000,9221,662,45928,72676,81.4,34025
Tripura,2011-03,38035,39815,61000,7951,319,47766,67891,84,35967
Tripura,2012-03,41927,43943,58000,7557,363,51500,76521,86,38654
Tripura,2013-03,42685,45028,57000,7176,177,52204,73984,86.6,40806
Tripura,2014-03,41571,44595,57000,7829,163,52424,77985,85.4,44368
Tripura,2015-03,41884,44735,57000,6779,136,51514,77290,87.1,48499
Tripura,2016-03,31317,33438,64000,4420,64,37858,56798,88.5,34699
Tripura,2017-03,41936,44664,64000,4813,16,49477,76813,90.3,48465
Tripura,2018-03,45071,47830,64000,4003,1,51833,75540,92.3,46022
Tripura,2019-03,44586,47007,58810,3336,16,50343,72307,93.4,46766
Tripura,2020-03,44334,48904,59400,3254,13,52158,67065,93.8,47227
Uttar Pradesh,2009-03,1495694,1501933,6241000,1468304,919421,2970237,5376516,81.5,1555087
Uttar Pradesh,2010-03,2162510,2218954,6269000,2290658,1518222,4509612,5804938,82.9,3456991
Uttar Pradesh,2011-03,2438220,2494494,6381000,1775451,1100207,4269945,5406172,84.2,3143576
Uttar Pradesh,2012-03,2238755,2258183,6163000,1401377,802383,3659560,4939035,83.6,2785230
Uttar Pradesh,2013-03,1961553,2031387,6178000,1204141,584593,3235528,4969973,80.9,2686088
Uttar Pradesh,2014-03,2323226,2409939,6238000,964026,484099,3373965,5710191,85.8,3146639
Uttar Pradesh,2015-03,2230032,2502543,6342000,915571,388552,3418114,5535650,84.6,2833683
Uttar Pradesh,2016-03,1758082,2177322,6405000,640369,157867,2817691,4073002,82.9,1959677
Uttar Pradesh,2017-03,2461720,2844786,6507000,784792,131301,3629578,5659485,82,2827529
Uttar Pradesh,2018-03,2555702,2946773,6532000,624120,94872,3570893,5818739,85.2,2630412
Uttar Pradesh,2019-03,2519939,3401350,6729430,570912,77335,3972262,6117234,87.6,2996142
Uttar Pradesh,2020-03,2596990,3605433,6827400,489648,68383,4095081,6745784,89.7,3886259
Uttarakhand,2009-03,50713,54825,216000,76964,45789,131789,243301,76.3,117168
Uttarakhand,2010-03,77961,79250,216000,53975,27542,133225,226481,80.2,116497
Uttarakhand,2011-03,76624,85705,219000,53478,28290,139183,203131,81.9,109829
Uttarakhand,2012-03,78590,87600,211000,52805,26528,140405,223737,81.3,127804
Uttarakhand,2013-03,84930,109328,210000,43775,21858,153103,203240,85.7,108681
Uttarakhand,2014-03,92425,118037,209000,40774,18705,158811,225294,86.1,121873
Uttarakhand,2015-03,98520,124015,212000,34301,14390,158316,215549,87.4,127101
Uttarakhand,2016-03,72285,90813,215000,21998,7965,112811,165035,87.6,101395
Uttarakhand,2017-03,93998,121178,218000,25057,9250,146235,216290,89.2,133744
Uttarakhand,2018-03,89687,122305,216000,20333,5687,142638,229256,89.7,139754
Uttarakhand,2019-03,87968,129173,214310,18668,4806,147841,230252,90.6,148429
Uttarakhand,2020-03,90453,135606,216700,17042,4249,152648,217191,91.6,153387
West Bengal,2009-03,757402,868688,1723000,588723,25019,1457411,1887862,61.3,817886
West Bengal,2010-03,758200,906406,1701000,504149,16159,1410555,1902114,65.4,872390
West Bengal,2011-03,792233,971786,1716000,454811,6285,1426597,1906787,68.6,994412
West Bengal,2012-03,919459,1071509,1645000,421443,7028,1492952,1957713,72.2,1132413
West Bengal,2013-03,890143,1071312,1639000,377695,3342,1449007,1879037,74.2,1183229
West Bengal,2014-03,899009,1186842,1642000,340820,285,1527662,1966304,77.7,1347372
West Bengal,2015-03,889924,1153207,1657000,244937,158,1398144,1866097,82.5,1364466
West Bengal,2016-03,710678,909389,1631000,131415,40,1040804,1264359,87.4,961704
West Bengal,2017-03,986586,1262810,1646000,98329,2578,1361139,1814561,93,1403930
West Bengal,2018-03,1003431,1266423,1648000,58464,1324,1324887,1656977,95.7,1360476
West Bengal,2019-03,1029089,1294541,1641410,28588,403,1323129,1640352,97.9,1437959
West Bengal,2020-03,999986,1248560,1654500,17639,80,1266199,1621046,98.6,1419251
